pc,11 watts Philips warm white
,3M products
roll,"3M Scotch 4011 Exterior Mounting Tape, 1 in x 60 in"
,A
,ABB circuits headquarter Philippines
2kg,ABC tile grout 2kgs F14 gray
2kg,ABC tile grout 2kgs F15 white
,AEG and Metabo products
pc,Aircon diffuser 250mm x 250mm
set,Aircon diffuser 250mm x 250mm
Set,"Aircon diffuser with opposed blade volume damper, 250 mm x 250 mm"
,Aircon products
,Aircon products
pc,"Aluminum angle bar 1-1/2"" x 1-1/2"" x 16ft"
roll,Aluminum Expanded metal
pc,"Aluminum flat bar 1-1/2"" x 2mm x 16ft"
pc,"Aluminum square bar 1-1/2"" x 1-1/2"" x 16ft"
pc,"Aluminum square tube 1-1/2"" x 1-1/2"" x 21 ft (1mm thick)"
,Amerilock products
pc,Apollo lighting Pin STY-03W DL
pc,Apollo lighting Pin STY-03W DL
,Automotive Tools and Garage Equipment
,B
pc,Baby roller paint
pc,"Ball type cabinet knob 1.5"""
roll,Barbed wire #20 (18kg/roll) 90m
roll,Barbed wire #25 (23kg/roll) 112m
roll,Barbed wire #30 (27kg/roll) 143m
pc ,Battery 12V 3SME Motolite endura
box,Blind rivets (400 pcs/box)
box,Blind rivets (400 pcs/box)
box,Blind rivets (400 pcs/box)
box,Blind rivets (400 pcs/box)
box,Blind rivets (400 pcs/box)
box,Blind rivets (400 pcs/box)
box,Blind rivets (800 pcs/box)
box,Blind rivets (800 pcs/box)
box,Blind rivets (800 pcs/box)
box,Blind rivets (800 pcs/box)
pc,"Bolt & Nut, 1/4"" x 1"""
pc,Bosch Angle grinder Model no. GWS 8-100CE
pc,Bosch Angle grinder Model no. GWS 8-100CE
can,Bosny spray paint no. 39 black
.,Bosny spray paint No. 4 Flat black
Can,Bosny spray paint no. 68 primer gray
Can,Bosny wall putty (B219) 1.5 kgs
pc,Butterfly caulking gun
pc,Butterfly long nose 428
,Butterfly products
pc,"Butterfly wood chisel 1/2"""
,C
pack,"Cable tie, 10 x 5mm"
Liter,Caltex EP-4 Delo
2kg,Caltex multipurpose grease
pc ,Casemen window closer (brown)
rolls,CAT 6 4-Pair copper UTP cable 305m/box - Grey (Panduit brand)
pc,"CAT 6 Keystone shielded 24-port patch panel, loaded"
pc,Champ teflon tape
pc,Champ teflon tape
pc,Champ teflon tape
pk,China insulated staple 1/2 kawaguchi (10 box/pack)
box,China insulated staple 1/2 kawaguchi (100 pcs/box)
pk,China insulated staple 3/4 kawaguchi (100 box/pack)
box,China insulated staple 3/4 kawaguchi (100 pcs/box)
pc,Citylight Energy saving lamp 2U 15W daylight
case,"Common Wire Nail 1"" (23kg/case)"
case,"Common Wire Nail 1-1/2"" (23kg/case)"
case,"Common Wire Nail 1-1/4"" (23kg/case)"
case,"Common Wire Nail 2"" (23kg/case)"
case,"Common Wire Nail 2-1/2"" (23kg/case)"
case,"Common Wire Nail 3"" (23kg/case)"
case,"Common Wire Nail 4"" (23kg/case)"
pc,"Concealed Hinges, (Inset) Amerilock"
kg,Concrete nail
pc,"Connector, Angle, 1/2 MC Gill"
pc,"Connector, Angle, Liquidtight, 1 MC Gill"
pc,"Connector, Angle, Liquidtight,1/2 MC Gill"
pc,"Connector, Angle, Liquidtight,3/4 MC Gill"
pc,"Connector, Straight, 1/2 MC Gill"
pc,"Connector, Straight, 3/4 MC Gill"
pc,"Connector, Straight, Liquidtight, 1 MC Gill"
pc,"Connector, Straight, Liquidtight, 1/2 MC Gill"
pc,"Connector, Straight, Liquidtight, 3/4 MC Gill"
pc,Copper tube elbow
pc,Copper tube elbow
pc,"Coupler hose shank TOYOX Kamlok 1"""
pc,Cutting Disc 100mm x 1.0mm x 16mm (Ultra)
pc,Cutting Disc 105mm x 1.0mm x 16mm (Taileen)
,"Cutting tools, Hand tools, and selected Industrial equipments"
,D
,Dewalt products
pc,Diameter mechanical repair clamp (For pvc pipe)
pc,"Diamond cutting wheel 4"" diameter (Bosun F1GP segmented)"
pc,"Diamond cutting wheel 4"" diameter (DAX)"
pc,Diamond marble cutter Bosch GDM121
pc,Diamond marble cutter Bosch GDM12-34
pc,Diamond marble cutter Bosch GMS34
pc,"Digital caliper 6"""
pc,"Digital caliper 8"""
brd. Ft,Door jam 2 x 4 x 18ft
brd. Ft,Door jam 2 x 5 x 18ft
brd. Ft,Door jam 2 x 6 x 18ft
pc,"Drawer guide 14"" Amerilock"
pc,"Drawer guide 18"" Amerilock"
pc,"Drawer Lock, Single lock 9880H Amerilock"
pc,Drill bit 5mm HS Sutton
pc,Drill bit 6.9mm HS Sutton Cobalt
pc,Drill bit 6.9mm HS Sutton Tin coated
pc,Drill bit 8mm HS Sutton
pc,Drill bit HS LS 4.5mm x 150mm long series Sutton
pc,Drill bit HS LS 5mm x 150mm long series Sutton
pc,Drill bit HS LS 6mm x 150mm Sutton
pc,Drip pan 18 x 2.5 33.5 .8 gauge
,E
pc,Eagle Bakelite conceal receptacle cat no. BCR-2010 (20pcs/case)
pc,Eagle Cartridge fuse 100 AMP cat no. 655-100A (5pcs/box)
pc,Eagle Duplex receptacle wall plate Cat no. 132-B (25pcs/box)
pc,Eagle Parallel grounding 2-tap 15A 250V Cat no. 827-B (100pcs/case) (10 pcs/pack)
pc,Eagle Plastic handle caps  5Amp -250V Cat no. 121 (50pcs/pack) (10packs/case)
pc,Eagle Rubber handle cap Heavy duty with brass prong cat no. 101-R (25pc/box)(10box/pack)
,Electrical products
pc,Electrical tape (Arrow brand)
,Electroworld sm manila
pc,Energizer Charger CHCC 4 pieces
pk,Energizer rechargeable battery EXTREME MH15URP2 (2pcs/pk)
roll,Exelon Polyolefin insulation foam 12 mm 1.2 meters x 20 meters
,Extensions
,F
m,Felxible Hose
pc,Fiber glass wire #12
case,"Finishing nail 1"" (23kg/case)"
case,"Finishing nail 1-1/2"" (23kg/case)"
case,"Finishing nail 1-1/4"" (23kg/case)"
case,"Finishing nail 2"" (23kg/case)"
case,"Finishing nail 2-1/2"" (23kg/case)"
case,"Finishing nail 3"" (23kg/case)"
set,"Fire hose double jacket 2"" dia x 100ft"
pc,Firefly 105W daylight 3S105 Spiral
pc,Firefly Circular Tube 22W
pc,Firefly Circular Tube 32W
pc,Firefly Circular Tube 40W
,Firefly lighting
pc,Firefly Tube 20W T12
pc,Firefly Tube 40W T12
,fitting connectors
pc,"Flexible aircon duct with insulation, 200mm (8 inches) dia  X 10m long (By order basis) (China) "
set,Fluke networks 3327460 52801RJ9 TS52 Pro test set with ABN and RJ11 plug
Set,
Set,Fluke Networks MT-8200 60-A Intellitone Pro 200 Toner and Probe Kit
Set,Fluke Networks MT-8200 60-A Intellitone Pro 200 Toner and Probe Kit
,"Formica, ball type woods products"
Tank,Freon
Tank,Freon
Tank,Freon
pc,Fujidenso MM22BL Oven 20 Liters capacity
set,Fushion machine
set,Fushion machine
,G
pc,G.I. Kitchen sink 16 X 24
kg,G.I. Wire #10 (40kg)
kg,G.I. Wire #12 (40kg)
kg,G.I. Wire #14 (35kg)
Kg,G.I. Wire #16 (35KG)
Kg,G.I. Wire #18 (35 KG)
pc,GE Circuit breaker TQD32150
pc,GE Flourescent
,Glass products
pc,Grip anchor
,Grocery
,H
pc,"Hacksaw blade 12"" x 24T"
set,Hafele drawer guide full extension 30 kg - Black 494.02.274
set,Hafele drawer guide single extension 25 kg - white 494.02.525
pc,Hammer Bit 20x210
pc,Hammer Bit 6x160mm
pc,Hand tap 10mm x 1.5mm pitch (Dormer)
pc,Hand tap 10mm x 1.5mm pitch (Dormer)
pc,Henkel Turco rust conv. Liter (CHT)(B-12)+
set,Hyjet (Easyflow) bidet
,I
pc,"Indola Exhaust blower VWZ250 new code V4S2561 10"" dia, metal frame, 220 V, single phase"
,Insulation products and light weight materials
pc,Iwata hand dryer with sensor AK2630T
,J
,K
pc,"Kilo-Watt meter Digital Class 200 Direct connected 3 Phase, 3-Wire, 230 volts, Sub meter"
pc,Kitchen towel
pc,"Kitchen towel hanger 30"" (Trimona)"
pc,KL series catergory 6 110Connect modular jack - white
,L
pc,Ladder
pc,LED automatic emergency light
,lightings and accessories
pc,Liquid sosa (1 liter)
pc,Liquid sosa (500ml)
pc,"Locknut & Bushing, 1-1/2"" dia"
,M
pc,Magnetic Contactor L&T MNX12 Auxiliary
pc,Magnetic Contactor L&T MNX12 No auxiliary
pc,Makita Electric hand drill 8420V
pc,Map Pro gas
pc,Map Pro gas
pc,Marine Plywood 1/2
pc,Marine Plywood 1/4
pc,Marine Plywood 3/4
pc,"Masonry drill bit 3/16"" dia "
pc,Mediclinics Hand dryer with sensor (germany) M04A white
,Memo express
pc,"Metabond G.I. Plain sheet, 4' x 8' Gauge 24"
pc,Metric ruler toblerone China
pc,Metric ruler toblerone Rotring
pc,Micro fiber kitchen towel (Mr. Clean)
pc,"Mini-circuit breaker, 20 A"
pc,"Mitutoyo Digital caliper 12"" 0.01mm 500-173"
pc,"Mitutoyo Digital caliper 12"" 0.01mm 500-174"
pc,"Molded case circuit breaker 60 amperes 3 pole with NEMA 1, ABB"
pc,"Molded case circuit breaker 60 amperes 3 pole with NEMA 1, ABB"
pc,"Molded case circuit breaker 60 amperes 3 pole, ABB (66703"
pc,"Molded case circuit breaker 60 amperes 3 pole, ABB(A1B)"
pc ,Motolite Gold reverse polarity 3SM
pc ,Motolite Gold reverse polarity 3Sm
,N
set,"Nuts, bolts, and washer (not nickel plated)"
set,"Nuts, bolts, and washer (white)"
,O
pc,Office table glass
pc,Office table glass
,Omni products
set,Opposed blade volume damper 250 mm x 250 mm
pc,Oring 12 x 16 x 2mm Viton S-70
pc,Oring 7 x 11 x 2mm Viton S-70
,P
pc,"P31CA22GEMN6LNW   FR+L  1/4"" Manual Drain CDA Filter "
pc,"P32EA24EGABNGP   FR+L  1/2"" CDA Filter "
dozen,"Paint brush butterfly 1"""
dozen,"Paint brush butterfly 1.5"""
dozen,"Paint brush butterfly 1/2"""
dozen,"Paint brush butterfly 2"""
dozen,"Paint brush butterfly 2.5"""
dozen,"Paint brush butterfly 3"""
dozen,"Paint brush butterfly 3/4"""
dozen,"Paint brush butterfly 4"""
dozen,"Paint brush Globe 1"""
dozen,"Paint brush Globe 1.5"""
dozen,"Paint brush Globe 1/2"""
dozen,"Paint brush Globe 2"""
dozen,"Paint brush Globe 2.5"""
dozen,"Paint brush Globe 3"""
dozen,"Paint brush Globe 3/4"""
dozen,"Paint brush Globe 4"""
pc,"Paint roller 7"""
pc,"Paint roller 9"""
pc,Paint tray /pan
pc,Panda stailess kitchen sink small 14 x 20
,PC express
Linear ft,Picture frame 1 x 1.5
,Pipes and fittings
case,"Plastic Varnish (Centro) (24pcs/case) (natural, brown, mahogany)"
pc,Platform truck rubbermaid 4403
pc,Platform truck rubbermaid 4404
pc,Plyboard 3/4
pc,Plywood 1/8
pc,Plywood 1/2
pc,Plywood 1/4
pc,Plywood 3/4
roll,"Polyethylene insulation foam with adhesive with one side aluminum foil, gray, 12 mm thick, 1 m x 50 (3,250 is adhesive) (foam 3,475 +5%)"
roll,"Polyethylene insulation foam with adhesive with one side aluminum foil, gray, 12 mm thick, 1 m. X 50m (adhesive 3,000)"
roll,"Polyethylene insulation foam with adhesive with one side aluminum foil, white, 12 mm thick, 1 m x 50 (3,250 is adhesive) (Foam 3,475)"
roll,"Polyethylene insulation foam with one side aluminum foil, gray, 12 mm thick, 1 m. X 50m "
roll,Polyolefin insulation foam 12mm 1.2 meters x 20 meters
roll,Polythylene Tape white
roll,Polythylene Tape white
pc,Powerhouse Tox wall plug #6
Tube,Pr-05 Prosil Sealant Neutral white
pc,Proseal silicon sealant
pc,"PVC ball valve 1"" sch 80"
pc,"PVC ball valve 1-1/2"" sch 80"
pc,PVC Bushing reducer 1-1/2 x 1 Sch 80
pc,PVC cement (Pint size)- weld on
pc,PVC Coupling 1-1/2 Dia sch 80
pc,PVC Elbow (Blue)
pc,"PVC Elbow 1-1/2"" dia 90 deg sch 80"
m,PVC Flexible hose
pc,PVC Pipe (Blue)
pc,PVC Pipe (Orange)
Can,PVC Pipe Netex Cement
,PVC products atlanta
pc,PVC tee (Blue)
pc,"PVC Tee socket 1-1/2"" dia sch 80 (Spears)"
PC,Pylox spray paint GEN Green No. 27
,Q
,R
tank,Refrigerant R-141B 30Kg/tank
pc,"Rio Exhaust blower wall type 9.5"" dia, 12 hours operating"
pc,Riveter heavy duty 69-799
pc,RJ connector 6P
pc,RJ45
pc,"RJ45 connector 8P, solid, AWG 24-26"
roll,Rockwool Blanket Insulation
pc,"RSC Coupling, 1-1/2"" dia"
pc,"RSC Elbow, 1-1/2"" long bend 90 deg."
pc,"RSC Pipe, 1-1/2"" dia"
pc,Rubber Insulation
pc,Rubber Insulation
pc,Rubber Insulation
pc,Rubber Insulation
pc,Rubicon knife cutter medium
bottle,Rugby contact cement
pc,Ryobi overhead concealed door closer
,S
pc,Sand paper
meter,Sand paper #100 (3m) (1 meter)
gal,sanding sealer
pc,Schneider Magnetic Contactor LC1D50A
pc,Schneider Magnetic Contactor LC1D50A
pc,Schneider Magnetic Contactor LC1D50A
pc,Sealwell silicon sealant
pc,SGI Stripsol Bottle (CGS)(b-24)+
pc,Silicon sealant 300ml Acrylic siliconize sealant white
pc,Silicon sealant 300ml paintable clear bosny
pc,Silicon sealant 300ml paintable paint sealant white
pc,Silver rod
pc,Silver rod
pc,Smoke detector battery operated (First alert)
roll,Soft annealed coppertube
roll,Soft annealed coppertube
roll,Soft annealed coppertube
roll,Soft annealed coppertube
pc,Spears PVC Bell reducer Schedule 80
pc,Spears PVC Bell reducer Schedule 80
pc,Spears PVC Coupling Schedule 80
pc,Spears PVC Elbow Schedule 80
pc,Spears PVC Tee Schdedule 80
pc,Stainless Allen cap screw 4 x 16 mm
pc,Stainless Allen cap screw 4 x 20 mm
pc,Stainless Allen cap screw 4 x 25 mm
pc,Stainless Allen cap screw 5 x 12 mm
pc,Stainless Allen cap screw 5 x 16 mm
pc,Stainless Allen cap screw 5 x 20 mm
pc,Stainless Allen cap screw 5 x 25 mm
pc,stainless clamp for toyospring hose
pc,"Standard STU-18 Electric fan 18"" blade"
pc,"Stanley Mechanics vise-swivel #81-603 6"""
,Stanley products
pc,Starting capacitor for window type acu 450 vac to 60tz 40uf +5%
pc,"Steel tape, 5 meters"
pc,"Steel tape, 5 meters"
kg,Stopa round rugs
roll,Stranded wire THHN
roll,Stranded wire THHN
set,"Submersible pump, 1500W, 220V, 2"" discharge, 30m head, 10m cable, 350 L/ minutes SHOWFOU SH-212HN"
set,"Submersible pump, 1500W, 220V, 2"" discharge, 34ft 10m head, 10m cable, 132 gal/ minutes (Predollo)"
,Sugatsune products
pc,Sutton Drill bit 12 mm HS
,T
pc,Tailin Cutting disk A30S
set,Telephone tester Fluke TS22
pc,Terminal lugs Crimp type
pc,Terminal lugs Crimp type
pc,"Tex screw wood 1"""
pc,"Tex screw wood 2"""
gal,Thaumaturgy roof patching compound
Liter,Thoro Waterplug
pc,Threaded rounded bar
pc,"Tin snip 10"""
pc,"Tin snip 12"""
pc,"Tin snip 7"""
pc,"Towel hanger 24"""
pc ,"Towel hanger 30"" (Hava Asia)"
m,"Toyospring PVC hose 25 x 33mm 1"""
roll,"Toyospring PVC hose 25 x 33mm 1"""
,U
case,U Nail 1-1/4 (23kg/case)
case,U Nail 3/4 (23kg/case)
pc,U-bolt 1/4 x 6 inches galvanized
pc,"U-Bolt, 1-1/2"" x 3"""
case,Umbrella nail (23kg/case)
pc,"US style 4 port faceplate, without shutter - white"
pc,"US style keystone horizontal faceplate with sutter, double - white"
pc,"US style keystone horizontal faceplate with sutter, single -white"
pc,UV light 18 watts HAYCHOW
,V
unit,Viking Platform Truck - Push Cart Trolley
can,Vulcaseal
can,Vulcaseal
tube,Vulcaseal
can,Vulcaseal
,W
pk,Welding Rod (20kg/pk)
pint,Weld-on cement
pint,Weld-on Primer
pc,Wire rope clamp 40mm
pc,Wireless telephone Panasonic 3600
,Wires
Linear ft,"Wood Cornice, baseboard, door casing, Center Mldg, base mldg, Lining, Skirting 1 x 2 width 8' above"
Linear ft,"Wood Cornice, baseboard, door casing, Center Mldg, base mldg, Lining, Skirting 1 x 3 width 8' above"
Linear ft,"Wood Cornice, baseboard, door casing, Center Mldg, base mldg, Lining, Skirting 1 x 4 width 8' above"
Linear ft,"Wood Cornice, baseboard, door casing, Center Mldg, base mldg, Lining, Skirting 1 x 6 width 8' above"
Linear ft,Wood Modling 1/2 x 1
Linear ft,Wood Molding 1/2 x 2
Linear ft,Wood Molding 1x1
Linear ft,Wood Molding Clover
Linear ft,Wood Molding Crown
Linear ft,Wood Molding Half round
Linear ft,Wood Molding Quarter C
Linear ft,Wood Molding Quarter Round
brd. Ft,Wood Solid Kiln dry timber 1 x 10 Width 8' above times 1x10xLENGTH /12 x price
brd. Ft,Wood Solid Kiln dry timber 1 x 12 Width 8' above
brd. Ft,Wood Solid Kiln dry timber 1 x 2 Width 8' above
brd. Ft,Wood Solid Kiln dry timber 1 x 3 Width 8' above
brd. Ft,Wood Solid Kiln dry timber 1 x 4 Width 8' above
brd. Ft,Wood Solid Kiln dry timber 1 x 5Width 8' above
brd. Ft,Wood Solid Kiln dry timber 1 x 6 Width 8' above
brd. Ft,Wood Solid Kiln dry timber 1 x 8 Width 8' above
brd. Ft,Wood Solid Kiln dry timber 1.5 x 2 Width 8' above
brd. Ft,Wood Solid Kiln dry timber 2 x 10Width 8' above
brd. Ft,Wood Solid Kiln dry timber 2 x 12 Width 8' above
brd. Ft,Wood Solid Kiln dry timber 2 x 2 Width 8' above
brd. Ft,Wood Solid Kiln dry timber 2 x 3 Width 8' above
brd. Ft,Wood Solid Kiln dry timber 2 x 4  Width 8' above
brd. Ft,Wood Solid Kiln dry timber 2 x 5 Width 8' above
brd. Ft,Wood Solid Kiln dry timber 2 x 6 Width 8' above
brd. Ft,Wood Solid Kiln dry timber 2 x 8 Width 8' above
,X
,Y
pc,Yale lite door closer (SB)
pc,Yale screen door closer V1688
, g
,
unit,"AEG KS 66-2, 6mm cicular saw, 1600W, 7-1/2 dia"
unit,"AEG Planner PL 750, 750W, 82mm"
unit,"AEG SMT 355 Metal Chopsaw, 230W"
unit,"AEG SB 630, 13mm Impact drill BOX case"
unit,"Metabo W9-125, 5"", 10,000 RPM 8.0 AMP Angle grinder"
unit,"Metabo, 610W Electric orbital jigsaw STEB 140"
,"Metabo Jigsaw blade assortment, Consisting 2 blade each, for Wood, metal and plastic"
unbit,"Metabo, 560W, impact drill, SBR 650"
pc,Powercraft 1/16 - 1/2 drill bit 29 pcs
pc,"Powercraft PCDB 100 TE Diamond cutting disc blade 4"""
pc,Powercraft PCBD 100 CGE PC Masonry Disc blade
pc,"Professional Masonry Bit, 4 x 45 x 85"
pc,"Professional Masonry Bit, 5 x 50 x 95"
pc,"Professional Masonry Bit, 6 x 60 x 100 Powercraft"
pc,"Professional Masonry Bit, 65 x 6 x 101"
pc,"Professional Masonry Bit, 8 x 80 x 120 AEG brand"
pc,"Professional Masonry Bit, 10 x 80 x 120 AEG Brand"
pc,"Professional Masonry Bit, 12 x 90 x 150 Powercraft"
set,Stanley Combination Square
pc,"Stanley level bar, 24"""
pc,Stanley chalk line
pc,Stanley Hammer with handle
pc,"Spray gun heavy duty, for paint and varnishing used, LOTA KH808M-HVLP"
pc,"Nichlson Flat file 12"""
pc,"Butterfly Cut off wheel for metal, 350 x 3 x 25.4 mm, 14"" x 1/8"" x 1"""
pc,"Rubber caster 2"""
pc,Rigid thread Cutting oil (1 gallon)
5 gal,Yushiro Cutting coolant (18 liters) (5 gallon)
pc,"Grinding wheel 12"" x 1"" x 1"" Green 60 Carbide for metal (GICA)"
pc,"Grinding wheel 12"" x 1"" x 1"" Gray A60 for metal (GICA)"
pc,Energizer PRO2A1 flashlight with 2 batt heavy duty
pc,Everready VAL2D Led Heavy duty with batt
pc,Portable flashlight energizer without battery
set,Portable Oxygen tank with mask 5lbs with regulator and mask
pc,Foldable stretcher army type
unit,Admiral Shredder #S-828
unit,"Drinking fountain 40L cooling capacity, carbon filter"
pc,"GI clamp, 1/2"" gauge 16"
pc,"GI clamp, 3/4"" gauge 16"
pc,"GI clamp, 1"" gauge 16"
pc,"GI clamp, 1-1/2"" gauge 16"
pc,"GI clamp, 2"" gauge 16"
pc,"GI Utility box 2"" x 4"", Gauge 16 deep type"
pc,"GI Junction box 4"" x 4"" Gauge 16 deep type"
unit,Floater switch 1 hp MAC3 yellow or blue
unit,Floater switch 2 hp MAC3 yellow or blue
unit,Panasonic Aircon window type CW XC125VPH 1.5 HP with remote
pc,Makita HR2470 X5 4-24mm drilling diameter Rotary hammer drill
pc,Makita HR 2020 4-20 mm drilling diameter Rotary hammer drill
pc,Makita SR2440 Rotary hammer drill
pc,Makita HP1630 Hammer Drill
pc,Narrow flat chisel bit
unit,AEG SB630RE
unit,AEG BH24IE
pc,AEG Brill Bit 6mm
pc,AEG Drill bit 8mm
pc,AEG Drill bit 10mm
pc,AEG Drill bit 12mm
pc,AEG Pointed chisel bit 17 x 280
pc,AEG Pointed chisel bit 17 x 400
pc,AEG narrow flat chisel bit 17 x 280
pc,AEG norrow flat chisel bit 17 x 400
pc,"Circuit breaker, 20amp, 2p, plugin"
pc,Meco P-trap 1-1/4 #305
pc,Meco P-trap 1-1/2 #307
pc,Armstrong P-trap 1-1/4
pc,"Aluminum duct tape 4"" Clincher"
gal,"Gypsum putty, ABC"
gal,Paint thinner
roll,Amazon screen 1/16 x 4ft x 30m
kg,Iwata welding rods CJ421 2.5mm x 350mm
unit,"Push cart foldable, 500lbs, triple trolley 4401-00 rubbermaid"
pc,Stainless Allen Cap screw M3 X 10 MM
pc,Stainless Allen Cap screw M3 X 12 MM
pc,Stainless Allen Cap screw M3 X 16 MM
pc,Stainless Allen Cap screw M3 X 20 MM
pc,Stainless Allen Cap screw M4 X 16 MM
pc,Stainless Allen Cap screw M4 X 20 MM
pc,Stainless Allen Cap screw M4 X 25 MM
pc,Stainless Allen Cap screw M5 X 12 MM
pc,Stainless Allen Cap screw M5 X 16 MM
pc,Stainless Allen Cap screw M5 X 20 MM
pc,Stainless Allen Cap screw M5 X 25 MM
pc,Stainless Allen Cap screw M6 X 12 MM
pc,Stainless Allen Cap screw M6 X 16 MM
pc,Stainless Allen Cap screw M6 X 20 MM
pc,Stainless Allen Cap screw M8 X 16 MM
pc,Stainless Allen Cap screw M8 X 20 MM
pc,Stainless Nut M3
pc,Stainless Nut M4
pc,Stainless Nut M5
pc,Stainless Nut M6
Liter,Wood saver brown 32-004-2 1L
Liter,Wood saver clear 32-005-2 1L
pc,"Bolt and nut with washer and lock washer 1/8 x 1-1/2"""
unit,Schaffen Platform hand truck 250kg
unit,Schaffen Platform hand truck 200kg
pc,Akari PAR30 12 WATTS LED apar30-12dl 1300 k
pc ,Omni PAR30 10 WATTS LED
pc,Omni PAR38 15WATTS LED
pc,Firefly PAR38 14 WATTS LED
pc,Round bar 7.9mm x 6mtrs (20 ft)
pc,"Flat bar 3mm x 1-1/2"" x 6mtrs"
pc,"Angular bar 3mm x 1-1/2"" x 6mtrs"
pc,Square bar 9.5mm x 9.5mm x 20'
pc,Steel Matting 2 x 4 x 8 gauge 3.2mm
pc,Steel Matting 2 x 4 x 8 gauge 2.8mm
pc,Honeywell T6373A1108 mechanical thermostat fan coil thermostat termal control manually operated
pc,Delay on break solid state timer
,Siemens products
pc,Fan belt A-37 Bando
pc,Panter surge protector 1102 On/off neon switch with circuit breaker durable steel housing
pc,Panter surge protector PSP0211
unit,Fire extinguisher 10lbs with 195 psi gauge pressure and rubber hose
pc,"Philips 24PHA4100 TV 24"""
pc,"Samsung 24H4003 TV 24"""
pc,"Skyworth 24"" TV"
pc,"Xtreme 24"" TV"
,Energizer battery product
pc,Fan belt B-45
unit,"SKU00210 smart tv 50"" QUBE with dot dot"
pc,"Hand Tap, 16mm , 2mm Pitch"
pc,"Hand tap, 20mm, 2.5mm Pitch"
pc,"Hand tap, 24mm, 3mm Pitch"
pc,"Drill Bit, HS, 5.1mm Alphen"
pc,"Drill Bit, HS, 8.6mm Alphen"
pc,"Dill Bit, HS, 7mm Alphen"
pc,"Drill Bit, HS, 9mm Alphen"
pc,"Drill Bit, HS, 11 mm Alphen"
pc,"Drill Bit, HS, 10mm Alphen"
pc,"Alum Stair nosing angle type with groove 2mm x 1"" x 2-1/2"" x 20'"
pc,"Alum Stair nosing with luminous strip 2mm x 2"" x 4"" x 8'"
pc,"Alum Stair nosing with luminous strip 2mm x 1"" x 3"" x 8'"
pc,"Alum Stair nosing with luminous strip 2mm x 1"" x 3"" x 20'"
pc,"Alum Stair nosing with luminous strip 2mm x 2"" x 3"" x 8'"
pc,"Alum Stair nosing with luminous strip 2mm x 1"" x 2-3/4"" x 8'"
pc,"Alum Stair nosing angle type with groove 2mm x 1"" x 2-1/2"" x 8'"
pc,"Grinding disc 4"" Tyrolit"
pc,"Cut-off wheel 14"" Tyrolit"
pc,"Cutting disc 4"" tyrolit 2.5mm for stone"
pc,"Cutting disc 4"" Tyrolit 1mm thickness"
Box,"Tox 1/8"" #6"
gross,"Screw for tox 1/8"" #6 x 1"""
gross,"Screw for tox 1/8"" #6 x 1-1/2"""
Box,"Tox 1/8"" #6"
gross,"Screw for tox 1/8"" #6 x 1"""
gross,"Screw for tox 1/8"" #6 x 1-1/2"""
pc,Drill Bit 8mm
pc,Drill Bit 6mm
pc,Masonry Drill Bit 10mm
unit,Magnetic contactor SCN2S Holding coil 110VAC FUJI
unit,Magnetic contactor SCN2 Holding coil 110VAC FUJI
unit,Auxiliary/ Industrial relay SH-4/4 110VAC FUJI
unit,SZRM Interlock FUJI
unit,Magnetic contactor SCN2S Holding coil 110VAC FUJI
unit,Magnetic contactor SCN2 Holding coil 110VAC FUJI
unit,Auxiliary/ Industrial relay SH-4/4 110VAC FUJI 4 pole
unit,SZRM Interlock FUJI
unit,Handheld vaccum cleaner
unit,"External Hard drive , 3tb, 2.5 HBB"
bag,Terminal Ring 5.5 x 8mm non-insulated (100pcs/bag)
bag,Terminal Ring 5.5 x 8mm insulated (100pcs/bag)
,Sandvik products
kg,Fiber glass matting CM600 2oz 30kg/roll
kg,Fiber glass matting CM450 1.5oz 30kg/roll
kg,Fiber glass matting CM300 1oz 30kg/roll
kg,Fiber glass matting CM230 3/4oz 30kg/roll
roll,Fiber glass mesh 45g 50m/roll
roll,Fiber glass mesh 75g 50m/roll
gal,Fiber resin R10/03
Pint,Fiber resin hardener
pail,Drylok Water proofing paint Gray
pail,Drylok Water proofing paint White
500ml,Muriatic acid
unit,Air Compressor 2 HP
pc,GE LED bright stik 10w
pc,GE LED PAR 38 18watts/ GE LED P38W/865/40/33905 PAR 38DL
pc,truk master 3sm motolite
pc,enforcer 3sm motolite
pc,champion 3sm motolite
pc,electron 3sm motolite
,3m mask N95 8210V
unit,Switch assembly for 5tr carrier model ASBFE600BAFP with display
,carrier services and parts
,Carrier makati center
unit,SEF8A Standard exhaust fan with shutter and thermal fuse protection 245mm x 245mm 35W
,Philips lights products
pc,Firefly Basic series 15Watts
pc,"Philips 13804 Essential spotlighting4"""
pc,Acoustic board 2' x 4' x 9mm thick Eris brand
pc,Acoustic board 2' x 4' x 5/8 in (10 pcs per box) armstrong fine fixure
pc,Stainless Allen flat head screw 3 x 20
pc,Stainless Allen flat head screw 4 x 20
pc,Stailness Allen flat head screw 4 x 25
pc,Stainless Cap screw 4 x 20
pc,Stainless Cap screw 4 x 25
pc,Stainless Cap screw 4 x 30
pc,Stainless Cap screw 3 x 20
pc,Stainless Cap screw 3 x 25
pc,Stainless Cap screw 3 x 30
pc,Stainless Allen cap screw
pc,Square D Electrical Circuit breaker
kg,Stainless welding rod 1/8 (approx 28 pc/kg)
roll,"3m 3"" double adhesive tape 50 meters per roll"
pc,P-trap Armstrong 1-1/4
pc,"Heavy Duty Rubber wheel 8"""
pc,"Yuko Barrel bolt brass 1-1/2"""
pc,"Yuko Barrel bolt brass 2"""
pc,"Yuko Barrel bolt brass 2-1/2"""
pc,"Yuko Barrel bolt brass 3"""
pc,"Yuko Barrel bolt brass 4"""
pc,"Yuko Barrel bolt zinc 1-1/2"""
pc,"Yuko Barrel bolt zinc 2"""
pc,"Yuko Barrel bolt zinc 2-1/2"""
pc,"Yuko Barrel bolt zinc 3"""
pc,"Yuko Barrel bolt zinc 4"""
pc,Piano hinge with screw 25mm x 25mm x 2mm thick x 1M length Zinc
pc,Maxell Alkaline battery LR03
roll,Cotton twine 8 ply (250 g /roll)
6M,Stainless angle bar 50mm x 50mm x 5mm thick
unit,Digital Microwave GE JEI2870SPSS 28L
6M,Stainless angle bar 50mm x 50mm x 5mm thick
set,Steel door with Jamb 1M x 2.1M with Door Knob and door closer
set,Steel door with Jamb 1M x 2.1M with Door Knob and door closer
pack,Energizer Ultimate Lithium AAA 03-2028 L92 BP-2
,Makita D-16346 82 x 29 x 3mm planner blade
pc,"Wood screw 1"" Gypsum"
pc,"Wood screw 1-1/4"" Gypsum"
pc,"Wood screw 1-1/2"" Gypsum"
pc,"Wood screw 2"" Gypsum"
pc,"Wood screw 2-1/2"" Gypsum"
pc,"Wood screw 3"" Gypsum"
pc,"Metal screw 1"" Gypsum"
pc,"Metal screw 1-1/4"" Gypsum"
pc,"Metal screw 1-1/2"" Gypsum"
pc,"Metal screw 2"" Gypsum"
pc,"Metal screw 2-1/2"" Gypsum"
pc,"Metal screw 3"" Gypsum"
pc,3m 03616 auto super adhesive
pc,Tripple A Battery Eveready 1212SW2 2 pcs per pack (Black)
pc,Double A Battery Eveready 1215SW2 2 pcs per pack (Black)
pc,GI sheet Ga. 18 1.1
pc,GI sheet Ga. 18 1.2
pc,Steel door with jamb and dorr levers 1m x 2.1m
pc,"Locknut for PVC male adapter 2"" sch 40"
pc,"Dyna anchor bolt 8mm x 2"""
set,Nema 3r electrical outdoor type enclosure 16 x 12 x 6 inches
unit,Hammer Drill Makita HP1630
unit,Circular saw 5606B Makit
doz,Cotton glove HD
box,Nihon N-55 6013 1/8 red welding rod
kg,Nihon stainless welding rod - 308 3/32 st
unit,Aluminum step ladder A-type 8ft Hilton
sq ft,tempered frosted glass 12mm thick
pc,fd 100 (powder coated mahogany wood grain finish) (21ft)
pc,"Silicon sealant, 300ml tube for glass"
pc,Battery CR123 lithium 3V (EL123 energizer)
pc,Fire safety plastic seal for 10lbs Portable fire extinguisher (Yellow)
pc,Hafele Bidet spray stainless steel cat no. 485.95.014
pc,"Coupling adaptor 6"" cast iron bolted with rubber gasket (Slip type coupling)"
pc,"Coupling adaptor 8"" cast iron bolted with rubber gasket (Slip type coupling)"
unit,Check valve flanged end 2-1/2
set,Scaffolding H frame
pc,"Granulated carbon filter, GAC-10 Megafresh"
pc,Polydepth sediment cartridge filter Megafresh
,
pack,3m command hook 17002 (small) (2pcs/pack)
pack,3m command hook 17001 (medium) (2pcs/pack)
pack,3m command hook 17003 (large) (1 pcs/pack)
pc,Heavy duty extension cord 100ft 30M 4 gang 31114 surer
pc,"Diamond cutting disc concrete 4"""
pc,"Cutting disk steel 4"" taileen"
pc,"Cutting disk steel 12"""
pc,"Grinding disc 4"""
pc,Angular steel bar 1-1/2 x 1-1/2 x 1/4 (6mm)
pc,Angular steel bar 1-1/2 x 1-1/2 x 1/4 (5mm)
pc,Flat bar 1/4 x 1-1/2 x 20' (6mm)
pairs,Stainless butt ball bearing hinges 2 ball 3.5 x 3.5
pc,Stainless butt ball bearing hinges 2 ball 3.5 x 3.5
pc,Handtruck trolley vistron
pc,Toshiba ER6V / 3.6V 2000mAh Lithium Battery with HRS-DF3 Plug for PLC/CNC 
pairs,2 ball butt hinge ball bearing 3.5 x 3.5 powerhouse
pairs,4 ball butt hinge ball bearing 3.5 x 3.5 powerhouse
pc,Brass hinges 3 x 3
pc,Metal (cable) tray 8 x 8 x 8'
pc,8mb-20W Magnetic Ballast Starlux
,osram
set,Powerhouse stainless ball bearing hinges 4 ball
set,Powerhouse stainless ball bearing hinges 2 ball
pc,"Fiber cement board 4' x 8' x 1/4"" thk"
pc,"Fiber cement board 4' x 8' x 1/2"" thk"
pc,mop handle plastic
pc,opple led  6 watts
pc,"ball bearing hinges 4 x 4"" x 2.5 stainless"
pc,Butterfly valve 1.5 in kitz brand
pc,Butterfly valve 2.5 in kitz brand
unit,7.5 HP heavy duty pump with 10 meters discharge and 10 ft plastic hose gasoline engine pump
pc,Makita angle grinder 9558NB
pc,"Ficem scew 1.5"""
pc,"Ficem scew 1"""
pc,Hardiflex 4 x 8 x 6mm
pc,Gypsum board 12mm Knauf
pc,Gypsum board 9mm Knauf
pc,junction box 4x4 orange
pc,plastic moulding 1/2
pc,plastic moulding 5/8
pc,plastic moulding 3/4
pc,plastic moulding 1
pc,plastic moulding 1-1/2
pc,WN1101-5 panasonic 3 wire grounding receptacle 10A 250V
pc,wnf6202W-8 2 gang plate
unit,exhaust fan standard sef12a
pc,"V-belt, A-45"
pc,"V-Belt, B-60"
pc,"V-Belt, A-33"
pc,"V-Belt, A-43"
pc,"V-Belt, B-58"
pc,"V-belt, B-67"
pc,"V-Belt, B-72"
pc,"V-Belt, B-87"
pc,"V-Belt, SPA 1080"
pc,"V-Belt, SPA 1180"
pc,"V-Belt, SPA 1982 LW"
pc,"V-Belt, A-29"
pc,"V-Belt, A-38"
pc,"Wheel caster swivel 4"" with stopper"
pc,"wheel caster steady 4"" with stopper"
pc,Fire extinguisher hook (braket) 10lbs
pc,Fire extinguisher hook (braket) 20lbs
unit,Bosch AQT33-11 pressure washer
unit,Bosch AQT33-11 pressure washer
pc,TV braket 40 inches MNTTV065YB Fixed
bag,Skimcoat ABC
roll,12mm Polythylene sheet 50m
unit,powercraft PIW160 welding machine
PC,baofeng BF888s
,flourescent tube DL 40 watts philips
,"Dyna bolt 3/8"" x 2"""
,Koppel Split type 1.5hp
,Kolin split type 1.5Hp
,Carrier split type 1.5Hp
,Enclosure NEMA1 2 pole plug in
Doz,Rubber coated gloves class A
tube,ABC contruction grade
pc,Sakura element filter fuel part no. 132x1250-2
pc,Motolite deep cycle 12V 8D
pc,Dyno battery deep cycle 8VGC
pc,STANCHION SILVER STAINESS
lit,Sureseal elastomeric solvent release temperature curing sealant
pc,TEOS 9Watts daylight
pc,Wet and dry vacuum cleaner
pc,"Industrial Fan 18"" with built in thermal fuse STANDARD  STO-18 "
pc,LED 20Watts akari
pc,Master 1901 30mm master lock economy
pc,Ecosense bidet spray ES7002BK
pc,Ecosense bidet spray ES7002B
pc,Narra Ply 4 x 8 x 3/4
unit,Cyclone Air/3D brand IFTP45
,C-46-PC Amco perforated lamp post
pc,UV5R
10g,Thermal paste
unit,"AEF14w exhaust fan 14"""
pc,Correction tape
doz,Pencil #1
pc,Short folder
,hdmi cable 2 m
pc,kingmax 32gb
,
can,6065 Scotch spray mount
,3m 2650 (yellow/green/pink) label roll
,Flat cart 300kg
,Flat cart 150Kg
,rice cooker 16 cups/ 2.7 liters 3D RC16C
,hanabishi water dispenser HFSWD900SS (SILVER)
pc,"Stanley circlip plier (internal) 7"""
pc,"Stanley circlip plier (external) 7"""
,Guntacker arrow T-50 6mm -4mm
,plunger
pc,newstar tandem plug
,7812078/09278702018
pc,Energizer 9V
pc,"Clear packing tape 2"""
,Masking tape #2
,7807010
,Air purifier SHARP KI-A60E-W
,Akari A-Batt
unit,"Volume damper 12"" dia manual"
unit,"Volume damper 12"" dia motorized"
pc,Solderless connector for 30mm2 wire
pc,Solderless connector for 14mm2 wire
pc,Matsushita IMC coupling 1-1/2
pc,Matsushita IMC elbow 1-1/2
pc,Carbon brush Makita CB411
pc,Carbon brush Makita CB55
pc,Maktec electric grinder MT954
pc,Makita electric grinder MT-M0910M
pc,"Float valve 2"" brass taiwan"
pc,"Float valve 1-1/2"" brass taiwan"
pc,"Float valve 1-1/4"" brass taiwan"
pc,"Float valve 1"" brass taiwan"
unit,Hydraulic drum lifter
,CCTV camera
pc,Matsushita IMC pipe 1-1/2
pc,"Aluminum duct tape 3"" Panclub"
pack,"Powerhouse ball bearing 4x4"""
pc,"Butterfly  tinman snip 12"""
pc,"Butterfly  tinman snip 10"""
pc,"12mm - 1/2"" Masking tape 3m Tartan"
pc,"18mm - 3/4"" Masking tape 3m Tartan"
pc,"24mm - 1"" Masking tape 3m Tartan"
pc,"36mm - 1.5"" Masking tape 3m Tartan"
pc,"48mm - 2"" Masking tape 3m Tartan"
pc,"72mm - 3"" Masking tape 3m Tartan"
pc,SKF V-Belt B42
pc,SKF V-Belt A45
pc,SKF Bearing YET 205 with eccentric locking collar (25mm)
pc,Eurostream Elbe series single handle lavatory faucet FS1AR011CP
unit,Rohstar #8
,Scaffolding H type frame 1.2 x 1.7
gal,Polituff with hardener
Ltr,Polituff with hardener
pc,Handyman Robinsons ermita akari
pc,Quantum QHL 800
unit,Makita Electric Jigsaw M4301M
unit,Makita Electric Jigsaw 4326M
unit,Bosch Electric drill GSB-20-2RE
unit,Bosch Electric drill GSB-20-2RE
unit,Makita Electric Jigsaw 4326M
,Bosch GSB-13RE tool set
unit,Prestar 300kg trolley
,Battery 12V 4D truckmaster black motolite
,Metal Stud 2 x 3 x 3M x 0.511mm thk
,Metal track 2 x 2 x 3M x 0.511 mm thk
,Metal track 2 x 3 x 3M x 0.511mm thk
,"Gypsum tape 2"" x 30M"
